Year,Season,AOD,CO,NO2,O3,LST
2018,Winter,-0.424806292,0.043343718,0.000228428,0.115029269,23.53580816
2018,Winter,-0.462144826,0.043403779,0.000234227,0.115158097,25.41571916
2018,Winter,-0.321402932,0.045137617,0.00032384,0.115436463,25.8327176
2018,Winter,-0.545578396,0.041898156,0.00023449,0.115300477,22.99234298
2018,Winter,-0.523435703,0.042640627,0.000241218,0.115381383,24.81072962
2018,Winter,-0.585404711,0.041705887,0.00012095,0.114466507,27.3195563
2018,Winter,-0.339859627,0.04487575,0.000276637,0.115392359,24.9953027
2018,Winter,-0.480408704,0.042417151,0.00017628,0.115055185,24.06560126
2018,Winter,-0.416231897,0.044370479,0.000276541,0.115247378,23.89811828
2018,Winter,-0.402038233,0.044805715,0.00029317,0.115331575,24.192068
2018,Winter,-0.569087756,0.041778969,0.000125136,0.114471987,28.62182192
2018,Winter,-0.517314806,0.043426541,0.000232104,0.115358564,25.38153896
2018,Winter,-0.440755247,0.044311639,0.000267851,0.115403771,26.071979
2018,Winter,-0.584371467,0.042311295,0.000141603,0.114765182,25.1149334
2018,Winter,-0.494417971,0.043321411,0.000229574,0.115163916,24.39373118
2018,Winter,-0.453094925,0.043189335,0.000225707,0.114961035,29.76685862
2018,Winter,-0.463876542,0.044048448,0.000244854,0.115338859,25.30976054
2018,Winter,-0.421548533,0.044434499,0.000304009,0.115258644,25.2858344
2018,Winter,-0.52977296,0.042353587,0.000244888,0.115374687,27.32297432
2018,Winter,-0.52822523,0.041719631,0.000144902,0.114668799,29.74293248
2018,Winter,-0.516428633,0.042783478,0.000222906,0.115194442,25.87031582
2018,Winter,-0.361242154,0.044518514,0.0003342,0.115319412,24.57488624
2018,Winter,-0.444336383,0.043447876,0.000275702,0.115258138,29.96168576
2018,Winter,-0.566968486,0.04183624,0.000233633,0.115411543,26.11983128
2018,Winter,-0.537900759,0.041279571,0.000140048,0.114685506,27.89720168
2018,Winter,-0.520090382,0.041767173,0.000145332,0.114841282,26.79318122
2018,Winter,-0.569414542,0.041731248,0.000122497,0.114521611,27.40158878
2018,Winter,-0.324512061,0.044827166,0.000311903,0.115380411,24.362969
2018,Winter,-0.583454761,0.042074162,0.000129814,0.114678458,28.87133738
2018,Winter,-0.428413806,0.043509164,0.000223512,0.115035595,21.88832252
2018,Winter,-0.559070588,0.042228564,0.000112312,0.114324352,25.48749758
2018,Winter,-0.566055732,0.041403707,0.00011554,0.114516383,23.89470026
2018,Winter,-0.545138201,0.04155764,0.000116604,0.114550973,27.610088
2018,Winter,-0.519346232,0.041421088,0.000110942,0.114421877,27.9006197
2018,Winter,-0.516308006,0.042592463,0.000159313,0.114879143,26.50264952
2018,Winter,-0.54579224,0.041841712,0.000122856,0.114516888,22.36000928
2018,Winter,-0.568002192,0.041950792,0.000161714,0.114772223,27.58274384
2018,Winter,-0.58273742,0.042223414,0.000147547,0.114802252,26.85128756
2018,Winter,-0.439041073,0.043791131,0.000259161,0.115372249,26.5505018
2018,Winter,-0.485390804,0.043154779,0.000212538,0.115009679,23.59049648
2018,Winter,-0.531176026,0.04188075,0.000138443,0.114825076,27.5759078
2018,Winter,-0.553656508,0.042441257,0.000168826,0.114766119,28.7551247
2018,Winter,-0.412004706,0.043595401,0.000242493,0.115129507,24.1066175
2018,Winter,-0.443774907,0.043255035,0.000248754,0.115194839,25.42597322
2018,Winter,-0.391632705,0.044766153,0.000306931,0.115222419,25.2858344
2018,Winter,-0.568421933,0.041688657,0.000126671,0.114546619,28.3278722
2018,Winter,-0.550602242,0.041862575,0.000128518,0.114618986,25.61738234
2018,Winter,-0.581559634,0.042280344,0.000143326,0.114761898,25.02264686
2018,Winter,-0.352603631,0.04446912,0.000334853,0.115330187,23.76823352
2018,Winter,-0.585827132,0.041398652,0.00011711,0.11443989,27.41526086
2018,Winter,-0.524009308,0.041470969,0.000130616,0.114539233,26.85128756
2018,Winter,-0.333220177,0.044867102,0.000287185,0.115373255,25.58662016
2018,Winter,-0.480992553,0.043717519,0.000236848,0.115287486,24.39373118
2018,Winter,-0.494255453,0.042854137,0.00020171,0.115016077,28.88500946
2018,Winter,-0.431361522,0.044134891,0.000257692,0.115347196,24.71502506
2018,Winter,-0.516725655,0.043611177,0.000196348,0.114887077,28.0544306
2018,Winter,-0.5041634,0.042770644,0.000230157,0.115216705,27.78440702
2018,Winter,-0.562827987,0.041807907,0.0001315,0.114588984,25.78486532
2018,Winter,-0.549905325,0.042375465,0.000168335,0.114906448,24.92010626
2018,Winter,-0.419444083,0.044762471,0.000285454,0.115332424,25.24140014
2018,Winter,-0.471634278,0.043968186,0.000254539,0.115389704,25.08417122
2018,Winter,-0.556132837,0.041667509,0.000118252,0.114501111,24.81756566
2018,Winter,-0.499580917,0.043264821,0.000229535,0.115185346,26.00703662
2018,Winter,-0.488503885,0.043670147,0.000249347,0.115419022,23.86393808
2018,Winter,-0.539578227,0.042858094,0.000235853,0.115368312,27.59983394
2018,Winter,-0.389261992,0.044234867,0.000321281,0.11527747,24.90643418
2018,Winter,-0.559033084,0.041761999,0.000157388,0.114813613,26.56075586
2018,Winter,-0.572014922,0.042242968,0.000136298,0.114755284,30.18385706
2018,Winter,-0.565424297,0.041808165,0.000156574,0.114801375,25.87715186
2018,Winter,-0.543343302,0.041838635,0.000138942,0.114771995,27.610088
2018,Winter,-0.572055726,0.041874463,0.000115479,0.114368532,26.08565108
2018,Winter,-0.541008688,0.041618613,0.000146701,0.114798472,24.52703396
2018,Winter,-0.534795908,0.041278274,0.000140784,0.11474836,22.45229582
2018,Winter,-0.568498045,0.041638025,0.000125453,0.114445241,26.68038656
2018,Winter,-0.415352091,0.044150701,0.000262387,0.115282364,23.6110046
2018,Winter,-0.426960775,0.044211429,0.000267166,0.115328237,23.66911094
2018,Winter,-0.386596156,0.044584399,0.000287762,0.115348917,23.08462952
2018,Winter,-0.344687762,0.044866186,0.000312148,0.115379987,28.464593
2018,Winter,-0.576875351,0.041883029,0.000147598,0.114796379,27.70237454
2018,Winter,-0.479821989,0.044084868,0.000259545,0.115378629,23.25894854
2018,Winter,-0.567520486,0.042122724,0.000132979,0.114750256,26.80001726
2018,Winter,-0.489412929,0.043418785,0.000237729,0.11532966,23.64176678
2018,Winter,-0.574254312,0.04267127,0.000166576,0.11477611,29.34986018
2018,Winter,-0.574108327,0.041546396,0.00012249,0.114457441,29.29858988
2018,Winter,-0.498850495,0.041788332,0.000158845,0.114939602,26.52315764
2018,Winter,-0.568002192,0.041950792,0.000161714,0.114772223,30.84353492
2018,Winter,-0.569277312,0.041909147,0.000123888,0.114520914,29.49341702
2018,Winter,-0.449695818,0.043481649,0.000216121,0.11496629,22.43520572
2018,Winter,-0.541870188,0.042258069,0.000170418,0.11482827,29.94459566
2018,Winter,-0.40177574,0.04487836,0.00030151,0.115267697,25.65839858
2018,Winter,-0.563329937,0.041905851,0.00021487,0.115437998,23.52213608
2018,Winter,-0.551856755,0.042643345,0.000224177,0.115424027,26.30440436
2018,Winter,-0.488594889,0.042824246,0.000168811,0.114889864,26.54366576
2018,Winter,-0.514463965,0.043022643,0.000188093,0.114981443,26.39327288
2018,Winter,-0.550449728,0.043065138,0.000186232,0.11490789,30.46755272
2018,Winter,-0.482129168,0.04388998,0.000264659,0.115418624,22.37026334
2018,Winter,-0.40760364,0.044377577,0.00030404,0.115317301,24.74578724
2018,Winter,-0.51768616,0.043222617,0.000179961,0.114989707,23.32730894
2018,Winter,-0.543527063,0.04270356,0.000167829,0.114874818,26.52315764
2018,Winter,-0.435897842,0.043891326,0.000248016,0.115310597,23.92204442
2018,Winter,-0.587268887,0.041827738,0.000119325,0.11443329,23.1324818
2018,Winter,-0.440936696,0.044136904,0.000273763,0.115376813,24.57830426
2018,Winter,-0.516922526,0.043187697,0.000190857,0.114960068,27.20676164
2018,Winter,-0.407459768,0.043918882,0.00028963,0.115268642,27.29904818
2018,Winter,-0.414917233,0.044812569,0.000289146,0.115353462,25.15594964
2018,Winter,-0.591623452,0.041444498,0.000115723,0.114441286,27.70921058
2018,Winter,-0.55917387,0.04170178,0.000131891,0.114629712,26.5163216
2018,Winter,-0.366160158,0.044971284,0.000295726,0.115222361,25.80879146
2018,Winter,-0.524976693,0.041380289,0.000114411,0.114414085,24.85516388
2018,Winter,-0.401395288,0.044318371,0.000298654,0.115293377,24.8244017
2018,Winter,-0.494120278,0.043026873,0.000228376,0.115059247,23.32389092
2018,Winter,-0.422013026,0.04367482,0.00028525,0.115300987,28.2082415
2018,Winter,-0.58010569,0.042393763,0.000157714,0.114824655,25.75068512
2018,Winter,-0.423731387,0.043738926,0.000288524,0.115303537,26.9777543
2018,Winter,-0.575714105,0.041944126,0.000126024,0.11446914,25.99336454
2018,Winter,-0.536395037,0.04293723,0.00022754,0.11541062,24.87225398
2018,Winter,-0.494677292,0.043220866,0.000229493,0.115167329,23.89470026
2018,Winter,-0.494120278,0.043026873,0.000228376,0.115059247,27.65110424
2018,Winter,-0.564028926,0.04226984,0.000154617,0.11485139,26.20186376
2018,Winter,-0.413044922,0.044032626,0.000250907,0.115233945,23.68278302
2018,Winter,-0.585145891,0.041391443,0.000119609,0.114458148,28.93627976
2018,Winter,-0.404703558,0.044586123,0.000280733,0.115314835,25.47040748
2018,Winter,-0.419522637,0.044208588,0.00027254,0.115152792,29.38062236
2018,Winter,-0.340593597,0.044875569,0.000316155,0.11541455,24.23650226
2018,Winter,-0.352812832,0.044660503,0.00031568,0.115307031,27.90745574
2018,Winter,-0.578821089,0.04224307,0.000138469,0.114747255,27.99632426
2018,Winter,-0.485723079,0.043270934,0.000195743,0.115066679,26.52999368
2018,Winter,-0.406355851,0.044301174,0.000263749,0.115465261,24.44500148
2018,Winter,-0.498130391,0.041796174,0.00015813,0.114881966,26.08223306
2018,Winter,-0.565348396,0.041118933,0.00022485,0.115245077,25.27558034
2018,Winter,-0.513309167,0.042924387,0.000217722,0.115560855,24.21257612
2018,Winter,-0.40939226,0.044696677,0.000284905,0.115358742,23.9698967
2018,Winter,-0.527858904,0.042540058,0.000241507,0.115344615,26.8239434
2018,Winter,-0.52094409,0.0429046,0.000189027,0.114919998,24.09978146
2018,Winter,-0.448613222,0.043192997,0.000249026,0.11522266,25.9181681
2018,Winter,-0.511975753,0.041631766,0.000151019,0.114832791,24.19890404
2018,Winter,-0.587268887,0.041827738,0.000119325,0.11443329,28.2082415
2018,Winter,-0.417068839,0.043731999,0.000239786,0.115095691,23.60758658
2018,Winter,-0.550639561,0.041797192,0.000237092,0.115330879,26.61544418
2018,Winter,-0.434844321,0.044210793,0.000240025,0.115228735,22.98892496
2018,Winter,-0.340318862,0.045055001,0.000327112,0.115407609,24.02458502
2018,Winter,-0.552105464,0.041782698,0.000139008,0.114740281,28.13646308
2018,Winter,-0.572946777,0.041921412,0.000122015,0.114399662,28.3278722
2018,Winter,-0.567310724,0.041294166,0.000129663,0.114547209,25.63105442
2018,Winter,-0.559376881,0.041908404,0.000149793,0.114786048,29.64722792
2018,Winter,-0.494417971,0.043321411,0.000229574,0.115163916,22.6881392
2018,Winter,-0.340593597,0.044875569,0.000316155,0.11541455,24.66375476
2018,Winter,-0.453094925,0.043189335,0.000225707,0.114961035,26.3966909
2018,Winter,-0.339859627,0.04487575,0.000276637,0.115392359,25.84638968
2018,Winter,-0.578646337,0.041476749,0.00012022,0.114438229,28.47142904
2018,Winter,-0.380543662,0.044182685,0.000337163,0.115336488,24.92352428
2018,Winter,-0.576478816,0.042104331,0.000152839,0.114838076,25.72334096
2018,Winter,-0.473322393,0.043277347,0.000217448,0.115079634,26.52315764
2018,Winter,-0.406659661,0.044465453,0.000269417,0.115273887,24.73211516
2018,Winter,-0.509976954,0.042811119,0.00023923,0.115336027,23.2179323
2018,Winter,-0.569247969,0.042334953,0.000144182,0.114805412,29.19604928
2018,Winter,-0.499443504,0.043469417,0.000245998,0.115326017,24.97479458
2018,Winter,-0.4269066,0.04462369,0.000285371,0.115374028,24.13737968
2018,Winter,-0.577008779,0.041343041,0.000118355,0.114492484,28.2253316
2018,Winter,-0.54487244,0.041945588,0.000207325,0.115451273,23.13589982
2018,Winter,-0.416514955,0.044172051,0.000271105,0.115458276,26.95382816
2018,Winter,-0.494417971,0.043321411,0.000229574,0.115163916,24.16472384
2018,Winter,-0.322963697,0.043683887,0.000287134,0.115445795,25.25849024
2018,Winter,-0.50340349,0.04283191,0.000196257,0.114988924,30.06080834
2018,Winter,-0.494138824,0.043144922,0.000229213,0.115218292,25.44989936
2018,Winter,-0.493392239,0.043103231,0.000200195,0.115057663,26.44112516
2018,Winter,-0.577710315,0.042705045,0.000168949,0.114817741,27.40842482
2018,Winter,-0.539462229,0.041725944,0.000240468,0.115317941,26.3112404
2018,Winter,-0.518028124,0.043393282,0.000231702,0.115467076,25.00213874
2018,Winter,-0.457078222,0.043397505,0.000230745,0.115051028,27.86302148
2018,Winter,-0.510140211,0.04238574,0.000232418,0.115253648,23.65885688
2018,Winter,-0.562970307,0.041422413,0.00023472,0.115357016,23.06070338
2018,Winter,-0.494944766,0.043142325,0.000228994,0.115180771,25.58662016
2018,Winter,-0.511432971,0.042841196,0.000237608,0.115340672,26.02754474
2018,Winter,-0.498130391,0.041796174,0.00015813,0.114881966,27.2341058
2018,Winter,-0.55961201,0.041778025,0.000135304,0.114628109,26.85128756
2018,Winter,-0.562413582,0.042020786,0.000147414,0.114764903,28.56029756
2018,Winter,-0.52473967,0.041451077,0.000115713,0.114444008,25.34735876
2018,Winter,-0.4280015,0.043388941,0.000224419,0.115046428,23.93229848
2018,Winter,-0.413105033,0.044339621,0.000266633,0.115296031,23.64176678
2018,Winter,-0.570858565,0.041491017,0.000130662,0.114589285,27.82200524
2018,Winter,-0.393953411,0.044693376,0.000294292,0.115286567,25.95576632
2018,Winter,-0.428989601,0.044379504,0.000280479,0.115339622,26.23604396
2018,Winter,-0.512181658,0.043094078,0.000237436,0.115348076,25.91133206
2018,Winter,-0.571445144,0.041521456,0.000122757,0.114439483,27.63743216
2018,Winter,-0.552629724,0.041627725,0.000119768,0.114478803,27.89036564
2018,Winter,-0.444213184,0.043675189,0.000218631,0.115182451,27.10080302
2018,Winter,-0.542834567,0.04175683,0.000138684,0.114730699,27.41184284
2018,Winter,-0.526196437,0.043294966,0.000233126,0.115376584,27.34690046
2018,Winter,-0.486019063,0.042333482,0.000176137,0.115023245,28.12962704
2018,Winter,-0.415882817,0.044459682,0.000318284,0.11527511,25.24481816
2018,Winter,-0.550449728,0.043065138,0.000186232,0.11490789,24.15446978
2018,Winter,-0.578799847,0.041382812,0.000120154,0.114476514,29.8659812
2018,Winter,-0.456004771,0.04383989,0.000237303,0.115279346,25.4054651
2018,Winter,-0.553441595,0.042389733,0.000240104,0.115343839,25.48749758
2018,Winter,-0.58195366,0.042423792,0.000137714,0.114760832,23.83659392
2018,Winter,-0.387469313,0.044437549,0.000323069,0.115354022,24.16814186
2018,Winter,-0.457981224,0.043839738,0.000263806,0.115393691,25.76777522
2018,Winter,-0.410488164,0.044618075,0.000285248,0.115331484,25.51484174
2018,Winter,-0.499645433,0.04298321,0.000233595,0.115277041,24.68084486
2021,Summer,-0.567567851,0.041014766,0.000130021,0.129663935,38.64687458
2021,Summer,-0.587090894,0.040908805,0.000125517,0.129654084,37.6248866
2021,Summer,-0.445069562,0.042270675,0.000165796,0.129788034,40.08927902
2021,Summer,-0.582516367,0.041616267,0.000144635,0.129795113,37.32751886
2021,Summer,-0.582259039,0.041243722,0.000142582,0.129706754,35.24594468
2021,Summer,-0.661016842,0.040020692,0.000105724,0.129237518,38.43609668
2021,Summer,-0.487563189,0.041820086,0.000154476,0.129820321,40.36613864
2021,Summer,-0.5247825,0.040339009,0.000122239,0.129567383,36.53795624
2021,Summer,-0.528061179,0.041264476,0.000141368,0.129605847,39.63810038
2021,Summer,-0.534813101,0.041339337,0.000142224,0.129706476,40.08927902
2021,Summer,-0.602674891,0.040188907,0.000106082,0.129179962,39.65746916
2021,Summer,-0.586227841,0.041887002,0.00014229,0.129622757,39.47745344
2021,Summer,-0.551200284,0.041761086,0.000145537,0.12966348,41.52484742
2021,Summer,-0.623208613,0.040087325,0.000109109,0.129274684,36.96748742
2021,Summer,-0.587006658,0.041099176,0.000127937,0.129617034,34.02229352
2021,Summer,-0.55612188,0.040910557,0.000132934,0.129693235,43.66452794
2021,Summer,-0.586144256,0.041217345,0.000132106,0.129709977,36.71227526
2021,Summer,-0.523473999,0.04160423,0.000152435,0.129837501,36.59606258
2021,Summer,-0.592102163,0.041218763,0.000147215,0.12973866,33.62922122
2021,Summer,-0.54123406,0.039997868,0.000113615,0.129385691,40.20207368
2021,Summer,-0.576345259,0.041527506,0.000133889,0.129768607,32.7029378
2021,Summer,-0.493708546,0.041694233,0.000158525,0.129859169,39.49796156
2021,Summer,-0.520482141,0.041127574,0.00014276,0.129766772,40.66350638
2021,Summer,-0.58793469,0.041694446,0.000153167,0.129634924,36.71227526
2021,Summer,-0.537950002,0.040127781,0.000112679,0.12933816,39.69392804
2021,Summer,-0.556442173,0.039896348,0.00011352,0.12934301,38.89411136
2021,Summer,-0.659302216,0.039968419,0.000106134,0.129284261,39.89900924
2021,Summer,-0.461987599,0.042012002,0.00016199,0.129855878,39.11856134
2021,Summer,-0.62537361,0.039993056,0.00010685,0.129213654,39.71329682
2021,Summer,-0.574445253,0.04084064,0.000127179,0.129666117,35.54331242
2021,Summer,-0.633986601,0.039779574,0.000104193,0.129166718,38.3483675
2021,Summer,-0.565361641,0.039615233,0.000107557,0.129253189,37.98833606
2021,Summer,-0.500832037,0.039642193,0.000109886,0.129277963,37.58956706
2021,Summer,-0.484203141,0.039743835,0.000110603,0.129240277,36.75784886
2021,Summer,-0.564421139,0.040130477,0.000114536,0.129406105,39.57543668
2021,Summer,-0.506506868,0.039759947,0.000110692,0.129327676,37.36967444
2021,Summer,-0.629960154,0.040275117,0.000111312,0.129335623,35.91929462
2021,Summer,-0.639436198,0.040356847,0.000109268,0.129381458,39.48315014
2021,Summer,-0.556174644,0.041313989,0.000135238,0.129687784,40.55071172
2021,Summer,-0.596179818,0.04077496,0.000121328,0.129522365,34.22737472
2021,Summer,-0.544503772,0.040006809,0.000112485,0.129244112,40.09839374
2021,Summer,-0.648325157,0.040445077,0.000112163,0.129385238,38.29481852
2021,Summer,-0.558284428,0.040794349,0.000130176,0.129611793,40.39006478
2021,Summer,-0.524603328,0.040787841,0.000138553,0.129698702,38.91348014
2021,Summer,-0.523318755,0.041499339,0.000142333,0.129696748,42.72457244
2021,Summer,-0.563775433,0.039959252,0.000107303,0.1291684,40.80706322
2021,Summer,-0.639131041,0.039858132,0.000106119,0.129373594,41.5328228
2021,Summer,-0.608128689,0.039990871,0.000109667,0.129261756,37.54741148
2021,Summer,-0.483886042,0.041637297,0.000160639,0.129809413,37.80945968
2021,Summer,-0.620953325,0.039756799,0.000105759,0.129170495,38.38140836
2021,Summer,-0.503575518,0.039851593,0.000114575,0.129378582,39.07868444
2021,Summer,-0.481726377,0.041883423,0.00015558,0.129795907,38.95107836
2021,Summer,-0.602384543,0.041134083,0.000129352,0.129734465,38.8041035
2021,Summer,-0.611029752,0.040900231,0.000120469,0.129573909,35.20834646
2021,Summer,-0.561250066,0.041011159,0.000134216,0.129663476,40.19865566
2021,Summer,-0.639928568,0.041066447,0.000118208,0.12949679,33.933425
2021,Summer,-0.567431134,0.041444291,0.0001323,0.129778844,36.39781742
2021,Summer,-0.553299755,0.039930616,0.000109074,0.12922375,39.29743772
2021,Summer,-0.652507832,0.040678784,0.00011165,0.129369823,38.47597358
2021,Summer,-0.546306222,0.041733176,0.000143256,0.129658493,38.31874466
2021,Summer,-0.566231053,0.041408972,0.000136193,0.129649028,40.98138224
2021,Summer,-0.563480429,0.039661189,0.00010846,0.129218122,41.01784112
2021,Summer,-0.607645651,0.041331658,0.000128698,0.129681038,32.63115938
2021,Summer,-0.572993155,0.041518636,0.000137441,0.129668338,37.97694266
2021,Summer,-0.605098745,0.041388635,0.000146751,0.129655944,34.72298762
2021,Summer,-0.495276353,0.041217047,0.000147869,0.12978393,38.78017736
2021,Summer,-0.583853354,0.040229352,0.000112886,0.129309911,39.53442044
2021,Summer,-0.634627455,0.040185567,0.00010717,0.129216044,39.53100242
2021,Summer,-0.587198226,0.04025458,0.000112806,0.129383468,39.58796942
2021,Summer,-0.56157133,0.040299326,0.000110938,0.129256842,40.81048124
2021,Summer,-0.64142032,0.039779072,0.000104447,0.129137612,40.6042607
2021,Summer,-0.576723154,0.040173992,0.000111259,0.129327349,39.94116482
2021,Summer,-0.532021356,0.040159024,0.000114587,0.129349195,39.47973212
2021,Summer,-0.572570064,0.039897192,0.000106999,0.129178894,42.19477934
2021,Summer,-0.55814722,0.041142267,0.000137712,0.129654998,37.61121452
2021,Summer,-0.551384051,0.04131126,0.000136438,0.129707647,38.43495734
2021,Summer,-0.528466115,0.042005471,0.000148442,0.129749329,37.42322342
2021,Summer,-0.481201245,0.041579221,0.000152262,0.129777505,41.68549436
2021,Summer,-0.604739666,0.040341881,0.000110573,0.129306488,39.9035666
2021,Summer,-0.579143443,0.041933501,0.000140729,0.129695717,38.45204744
2021,Summer,-0.638584231,0.039973635,0.000105783,0.129279364,38.13075356
2021,Summer,-0.595342208,0.04130961,0.000133972,0.129751683,33.04815782
2021,Summer,-0.625456148,0.040158058,0.000111903,0.129259158,35.13998606
2021,Summer,-0.608335722,0.039871558,0.000106676,0.129202175,39.95825492
2021,Summer,-0.526718154,0.040347969,0.000117686,0.129331504,40.8150386
2021,Summer,-0.629960154,0.040275117,0.000111312,0.129335623,37.17370796
2021,Summer,-0.643215103,0.04015916,0.00010651,0.129267934,39.51505166
2021,Summer,-0.591280901,0.040648207,0.000124356,0.129576619,34.95541298
2021,Summer,-0.652421752,0.040604443,0.000111575,0.129407007,35.97056492
2021,Summer,-0.517976384,0.041374014,0.000143109,0.129670712,41.42230682
2021,Summer,-0.602519088,0.041347831,0.000144451,0.129779942,36.25426058
2021,Summer,-0.599728795,0.041324224,0.000144881,0.129700023,35.56723856
2021,Summer,-0.564796666,0.040273125,0.000116932,0.129409048,41.96805068
2021,Summer,-0.661717616,0.040648192,0.000115157,0.129435016,36.33287504
2021,Summer,-0.64101932,0.040959123,0.000113026,0.129428732,33.16095248
2021,Summer,-0.565045637,0.041587717,0.00013899,0.129717775,35.57749262
2021,Summer,-0.506325934,0.041253911,0.000145803,0.129685651,37.49500184
2021,Summer,-0.59843567,0.040649792,0.000116667,0.129482557,36.32262098
2021,Summer,-0.593141042,0.040358125,0.000114514,0.129424916,34.62215603
2021,Summer,-0.576586967,0.041143168,0.000131894,0.129617215,38.13417158
2021,Summer,-0.655545947,0.039982121,0.000104875,0.12920568,39.8465996
2021,Summer,-0.549983468,0.041339961,0.000137963,0.129717193,38.23671218
2021,Summer,-0.618115204,0.040938935,0.000116901,0.129403044,35.41684568
2021,Summer,-0.517178491,0.041070731,0.000144508,0.129638506,35.71763144
2021,Summer,-0.547083852,0.041515116,0.000141347,0.129694763,37.39929728
2021,Summer,-0.624174004,0.03989246,0.000106285,0.129200415,39.81469808
2021,Summer,-0.568407971,0.040254048,0.000109627,0.12910805,40.55754776
2021,Summer,-0.523623269,0.041753698,0.000145834,0.129699738,40.86516956
2021,Summer,-0.498992701,0.039654386,0.000110899,0.129296666,35.74383626
2021,Summer,-0.50816365,0.041214772,0.000144729,0.129628834,34.62386504
2021,Summer,-0.584105963,0.040803202,0.000125802,0.129614159,38.28114644
2021,Summer,-0.511829751,0.041204163,0.000144973,0.129689227,37.49841986
2021,Summer,-0.590444344,0.040254722,0.000112566,0.129357489,38.65257128
2021,Summer,-0.508124281,0.041155451,0.000145745,0.12968882,35.48178806
2021,Summer,-0.574115567,0.03974492,0.000107105,0.129183995,39.04222556
2021,Summer,-0.602485598,0.041828151,0.000142315,0.129665319,31.1306486
2021,Summer,-0.593871313,0.041171147,0.000130147,0.129683693,36.98913488
2021,Summer,-0.584105963,0.040803202,0.000125802,0.129614159,35.8816964
2021,Summer,-0.65020594,0.040645114,0.000111049,0.129353282,36.83532398
2021,Summer,-0.567215043,0.04092343,0.000131288,0.129636515,37.54627214
2021,Summer,-0.622564906,0.040111011,0.000105268,0.12919052,37.99745078
2021,Summer,-0.544975056,0.041373863,0.000140727,0.129711618,40.9916363
2021,Summer,-0.518987444,0.041066713,0.000141146,0.129617771,36.06285146
2021,Summer,-0.47648103,0.041538846,0.000154504,0.129768263,36.6849311
2021,Summer,-0.495777113,0.041460737,0.000150042,0.129796408,38.8211936
2021,Summer,-0.638930423,0.04019076,0.000107456,0.129205821,38.9009474
2021,Summer,-0.576515092,0.040669049,0.000123154,0.129533948,41.10784898
2021,Summer,-0.510463933,0.041939238,0.000151054,0.129766525,40.02091862
2021,Summer,-0.532733442,0.040356485,0.000118905,0.129344242,40.84694012
2021,Summer,-0.625641156,0.041543183,0.000152878,0.129761274,36.3602192
2021,Summer,-0.576044653,0.041577213,0.000139275,0.129806442,32.79522434
2021,Summer,-0.54705722,0.041363627,0.000141548,0.129722735,38.80752152
2021,Summer,-0.587582088,0.041228945,0.000144564,0.129748052,33.62922122
2021,Summer,-0.655484182,0.040822437,0.000116582,0.129526398,38.26405634
2021,Summer,-0.524753201,0.040791122,0.000139387,0.12971707,38.18202386
2021,Summer,-0.55537665,0.039972606,0.000113869,0.129319665,39.0205781
2021,Summer,-0.655545947,0.039982121,0.000104875,0.12920568,37.7900909
2021,Summer,-0.553362613,0.04082985,0.000131722,0.129688596,38.24354822
2021,Summer,-0.580200234,0.041577619,0.000149637,0.12979957,34.76058584
2021,Summer,-0.537888482,0.040809294,0.000134036,0.129604621,37.20788816
2021,Summer,-0.466427882,0.041863268,0.000161335,0.129816297,38.16151574
2021,Summer,-0.570560722,0.040332595,0.000110502,0.129217723,37.16573258
2021,Summer,-0.60520251,0.039684011,0.000106862,0.129204548,37.05635594
2021,Summer,-0.543481159,0.039954715,0.000110055,0.129286528,38.35748222
2021,Summer,-0.591310436,0.040162191,0.000111098,0.12936342,38.18999924
2021,Summer,-0.587006658,0.041099176,0.000127937,0.129617034,37.78895156
2021,Summer,-0.47648103,0.041538846,0.000154504,0.129768263,40.11662318
2021,Summer,-0.55612188,0.040910557,0.000132934,0.129693235,32.91485504
2021,Summer,-0.487563189,0.041820086,0.000154476,0.129820321,40.39006478
2021,Summer,-0.606691833,0.039749125,0.000106743,0.129224886,37.85161526
2021,Summer,-0.507552284,0.042166025,0.000164316,0.1297671,38.75966924
2021,Summer,-0.593866167,0.040211074,0.000111505,0.129353623,39.43301918
2021,Summer,-0.610657294,0.040887431,0.000120411,0.129638968,35.3689934
2021,Summer,-0.540301279,0.041225168,0.000139972,0.129655812,42.50240114
2021,Summer,-0.580888111,0.04126826,0.000138854,0.129704379,30.92898542
2021,Summer,-0.605594378,0.040190773,0.00011024,0.129290179,39.03083216
2021,Summer,-0.577779145,0.041469097,0.000135801,0.129670775,31.60233536
2021,Summer,-0.552104601,0.041324517,0.000139896,0.129702075,35.92271264
2021,Summer,-0.610466381,0.039861189,0.000106726,0.129200934,38.25380228
2021,Summer,-0.595227878,0.041353034,0.000136731,0.129779639,34.40852978
2021,Summer,-0.52582306,0.041805741,0.000148562,0.129654901,43.65085586
2021,Summer,-0.587006658,0.041099176,0.000127937,0.129617034,33.64972934
2021,Summer,-0.45287662,0.041973668,0.000158246,0.129963829,40.8036452
2021,Summer,-0.631637634,0.040990571,0.000118774,0.129578448,39.16983164
2021,Summer,-0.571670224,0.041265567,0.000128923,0.129659608,35.813336
2021,Summer,-0.642958851,0.040765036,0.000117507,0.129498538,36.57213644
2021,Summer,-0.624555671,0.040417539,0.000112299,0.129379594,35.09213378
2021,Summer,-0.567966062,0.041592706,0.000148744,0.129817283,34.56917672
2021,Summer,-0.603757419,0.041906904,0.000143545,0.129690136,36.55162832
2021,Summer,-0.543797133,0.040897754,0.000134081,0.129543769,35.81675402
2021,Summer,-0.583787754,0.041308217,0.00013562,0.129744815,35.32114112
2021,Summer,-0.583545307,0.04163684,0.000156773,0.12970758,37.10192954
2021,Summer,-0.59643234,0.041169614,0.000129623,0.12967335,37.58728838
2021,Summer,-0.584314228,0.041228573,0.00014038,0.129732896,35.19467438
2021,Summer,-0.532733442,0.040356485,0.000118905,0.129344242,41.09075888
2021,Summer,-0.638431873,0.040458078,0.000105978,0.12920793,39.12084002
2021,Summer,-0.606771146,0.04015987,0.000110631,0.129332107,37.00166762
2021,Summer,-0.491705266,0.039705903,0.000110933,0.129340913,37.03926584
2021,Summer,-0.570351591,0.041000418,0.000128753,0.12962568,37.2489044
2021,Summer,-0.553409246,0.041135218,0.000137928,0.129656844,42.5126552
2021,Summer,-0.56115812,0.040078936,0.000109625,0.129157207,40.19295896
2021,Summer,-0.510372003,0.041147956,0.000144039,0.129655594,42.23237756
2021,Summer,-0.554149523,0.041667624,0.000142397,0.129681686,34.78451198
2021,Summer,-0.593463677,0.041542194,0.000140054,0.129677995,38.27089238
2021,Summer,-0.612328841,0.040036571,0.000106741,0.129220036,41.13861116
2021,Summer,-0.497869337,0.039800031,0.000110955,0.129337042,36.02525324
2021,Summer,-0.551558506,0.040955269,0.000128259,0.129628271,35.24594468
2021,Summer,-0.551661001,0.040033392,0.000111693,0.12928419,40.93239062
2021,Summer,-0.597615961,0.04161947,0.000143599,0.129636529,36.1209578
2021,Summer,-0.528577837,0.040290647,0.000124263,0.129596572,38.40191648
2021,Summer,-0.519377383,0.041613396,0.000154435,0.129862761,39.94572218
2021,Summer,-0.64101932,0.040959123,0.000113026,0.129428732,37.2659945
2021,Summer,-0.609684827,0.039814271,0.000106431,0.129199039,39.24388874
2021,Summer,-0.596666589,0.041341671,0.000129677,0.129720236,39.14932352
2021,Summer,-0.611261092,0.041256931,0.000148879,0.129661477,37.32751886
2021,Summer,-0.63404139,0.040120729,0.000107767,0.129218391,39.6016415
2021,Summer,-0.4945171,0.041509181,0.000151088,0.129834882,38.9237342
2021,Summer,-0.55618996,0.041302364,0.000137025,0.129686518,41.96235398
2021,Summer,-0.547393222,0.04167002,0.000143364,0.129703867,41.08734086
2021,Summer,-0.584003536,0.04117204,0.00013562,0.12974683,38.93398826
2021,Winter,0.287798088,0.04523343,0.000204579,0.126336287,24.23992028
2021,Winter,0.273358919,0.045621627,0.000190852,0.126514758,25.02264686
2021,Winter,0.403827722,0.046230641,0.000324215,0.126429089,26.4650513
2021,Winter,0.202390966,0.045177598,0.000168584,0.126665493,24.33220682
2021,Winter,0.225889168,0.044970765,0.000183072,0.126676439,24.32195276
2021,Winter,0.167891159,0.043121501,0.000103305,0.126173725,28.98755006
2021,Winter,0.3885079,0.045365495,0.000264223,0.126557562,25.14227756
2021,Winter,0.242315931,0.044355831,0.00015138,0.126305218,26.23604396
2021,Winter,0.304355796,0.045644925,0.000241435,0.126425089,24.56463218
2021,Winter,0.328006673,0.045503343,0.000249521,0.126396165,24.74920526
2021,Winter,0.191382019,0.043742418,0.00010647,0.126158368,30.37184816
2021,Winter,0.261168704,0.045432494,0.000196843,0.126624157,24.40740326
2021,Winter,0.347475471,0.045855562,0.000233241,0.126524684,25.19012984
2021,Winter,0.144478599,0.04369697,0.0001227,0.126371926,23.4571937
2021,Winter,0.229176503,0.04513477,0.000179245,0.126618656,28.75170668
2021,Winter,0.272146714,0.044823693,0.00020017,0.126241279,26.83761548
2021,Winter,0.276598932,0.045301843,0.000208782,0.126477503,24.31511672
2021,Winter,0.307170643,0.045853155,0.000276046,0.12639949,25.15594964
2021,Winter,0.213629295,0.044995995,0.000180667,0.126701777,27.13840124
2021,Winter,0.210590583,0.043432954,0.00012419,0.12607489,27.32981036
2021,Winter,0.207388696,0.044739183,0.000160468,0.126638348,29.13794294
2021,Winter,0.344237273,0.04606996,0.000311631,0.126421975,25.65156254
2021,Winter,0.268286822,0.045593113,0.000226771,0.126390464,27.29904818
2021,Winter,0.178517649,0.044431184,0.000170847,0.126800675,27.73655474
2021,Winter,0.222887094,0.043351365,0.000121431,0.126048278,26.9093939
2021,Winter,0.192827855,0.043226838,0.000125845,0.126104217,28.4987732
2021,Winter,0.160542279,0.043166457,0.000104374,0.126185277,28.03392248
2021,Winter,0.406503548,0.04627362,0.000300333,0.126537589,25.14227756
2021,Winter,0.160771764,0.043752314,0.00011172,0.126158495,25.388375
2021,Winter,0.268183806,0.045157668,0.000196732,0.126361481,22.37026334
2021,Winter,0.166991835,0.042892159,9.74E-05,0.126033866,26.63253428
2021,Winter,0.209668391,0.042488219,9.86E-05,0.125890772,29.37378632
2021,Winter,0.224010234,0.042536426,0.000102237,0.126005142,27.78440702
2021,Winter,0.198029907,0.0421747,9.98E-05,0.125939955,29.11059878
2021,Winter,0.205534294,0.044113419,0.000139467,0.126271086,26.22920792
2021,Winter,0.217587289,0.04262538,0.000107238,0.1261023,28.2766019
2021,Winter,0.1551892,0.044294234,0.000137497,0.126366061,26.39327288
2021,Winter,0.139921809,0.044398021,0.000126844,0.126293881,26.04463484
2021,Winter,0.286502599,0.045538727,0.000229435,0.126444967,25.15936766
2021,Winter,0.233613932,0.045342653,0.00017735,0.126634304,25.33368668
2021,Winter,0.190608579,0.043365512,0.000117708,0.126140767,27.1144751
2021,Winter,0.167144519,0.044614328,0.000140964,0.126368992,28.9431158
2021,Winter,0.318359711,0.045280075,0.000212399,0.126410919,24.362969
2021,Winter,0.265195154,0.044862897,0.00021754,0.126251634,25.46698946
2021,Winter,0.343274551,0.045496952,0.000257547,0.126364817,25.14227756
2021,Winter,0.205990056,0.043527367,0.000110065,0.12603359,25.1149334
2021,Winter,0.141894555,0.043577226,0.000108453,0.126225316,25.41571916
2021,Winter,0.146423274,0.043658298,0.000123624,0.126300068,25.24140014
2021,Winter,0.352757724,0.045989257,0.000318644,0.126439428,24.42107534
2021,Winter,0.16844184,0.04260217,9.90E-05,0.126147533,29.75318654
2021,Winter,0.206466508,0.042763063,0.000113603,0.126118644,29.22339344
2021,Winter,0.395220195,0.045732068,0.000274441,0.126526525,26.16426554
2021,Winter,0.270694873,0.044957762,0.00020401,0.126570176,24.30144464
2021,Winter,0.220951887,0.044915635,0.00016804,0.126558898,29.3874584
2021,Winter,0.288201143,0.04540286,0.000232398,0.126411134,24.28435454
2021,Winter,0.200492108,0.044403091,0.000166869,0.126520592,27.87669356
2021,Winter,0.218365032,0.044945151,0.000171342,0.126572691,29.65748198
2021,Winter,0.217883361,0.043175825,0.000117091,0.126039664,24.4996898
2021,Winter,0.167449918,0.044399786,0.000139835,0.126384339,24.97479458
2021,Winter,0.334062125,0.045715868,0.000245407,0.126431208,24.21257612
2021,Winter,0.288439236,0.045526957,0.000212637,0.126445663,25.31317856
2021,Winter,0.224821086,0.042678898,0.000102087,0.125926354,24.4142393
2021,Winter,0.247273359,0.045050888,0.000191703,0.126655904,27.72630068
2021,Winter,0.282416487,0.045496131,0.00020191,0.126576013,24.25359236
2021,Winter,0.20432393,0.044939835,0.000179815,0.126741368,27.76048088
2021,Winter,0.331828022,0.045414917,0.000262807,0.126427052,26.0036186
2021,Winter,0.173349515,0.043853631,0.000135898,0.126305089,27.17941748
2021,Winter,0.1430576,0.043353452,0.000116737,0.126249769,27.71604662
2021,Winter,0.159618103,0.043960139,0.000134775,0.12635693,27.40842482
2021,Winter,0.190387999,0.043112139,0.000119193,0.126179528,25.7814473
2021,Winter,0.157436552,0.043168144,9.96E-05,0.126085167,26.89572182
2021,Winter,0.167235868,0.043070787,0.000122989,0.126241846,24.85174586
2021,Winter,0.219951854,0.043119019,0.000121043,0.126045949,27.57248978
2021,Winter,0.207341279,0.043496302,0.000108919,0.126078928,26.71798478
2021,Winter,0.303547889,0.045650163,0.000244938,0.126340706,23.6622749
2021,Winter,0.298818866,0.045703452,0.000236829,0.126388616,24.03483908
2021,Winter,0.373609989,0.045560412,0.000255167,0.126510164,23.6280947
2021,Winter,0.382702792,0.045702265,0.00028297,0.12644433,28.43724884
2021,Winter,0.142467291,0.044265356,0.00013108,0.126364148,30.40261034
2021,Winter,0.275489992,0.045570495,0.00021685,0.126516945,24.2433383
2021,Winter,0.152656895,0.043496015,0.000114403,0.126162536,26.91622994
2021,Winter,0.259249139,0.045208964,0.000195754,0.126679539,27.95189
2021,Winter,0.150412248,0.044531774,0.000140839,0.126440025,23.93913452
2021,Winter,0.196794249,0.043152341,0.000104458,0.126163077,29.82838298
2021,Winter,0.230462879,0.043277179,0.000138088,0.12615257,28.95336986
2021,Winter,0.1551892,0.044294234,0.000137497,0.126366061,28.79614094
2021,Winter,0.156304449,0.043273715,0.000105425,0.126198728,25.69257878
2021,Winter,0.254944082,0.044726168,0.000182245,0.126343151,22.2608867
2021,Winter,0.173545751,0.044364166,0.00014065,0.126368126,31.25711534
2021,Winter,0.330623279,0.045562973,0.00024859,0.126384234,25.19696588
2021,Winter,0.168641743,0.044202706,0.000162482,0.126779149,29.80787486
2021,Winter,0.198705012,0.044595468,0.000167305,0.12685331,27.56565374
2021,Winter,0.235839446,0.04412032,0.000146434,0.126298908,26.01729068
2021,Winter,0.187488739,0.04413445,0.000159984,0.126524655,27.18625352
2021,Winter,0.182031753,0.044118106,0.000155687,0.126479647,29.41480256
2021,Winter,0.286965116,0.04550619,0.000216703,0.126513314,23.35123508
2021,Winter,0.313586061,0.045690787,0.000250017,0.126441656,25.1491136
2021,Winter,0.214463867,0.044067404,0.000152783,0.126358256,24.8927621
2021,Winter,0.185935426,0.044114788,0.000143328,0.126335965,28.38256052
2021,Winter,0.298554433,0.04536191,0.000227878,0.12641804,24.07927334
2021,Winter,0.162691926,0.042885664,0.000101603,0.126150463,23.93913452
2021,Winter,0.300340332,0.045854689,0.000233252,0.126432855,25.59687422
2021,Winter,0.209355228,0.044234887,0.000159881,0.126422675,29.71558832
2021,Winter,0.299486923,0.045671927,0.000242401,0.126454214,27.37424462
2021,Winter,0.313238298,0.045660194,0.000246346,0.126431021,23.93913452
2021,Winter,0.157483849,0.043311186,9.88E-05,0.126134237,29.28833582
2021,Winter,0.198829641,0.043010673,0.000117068,0.126146069,27.7297187
2021,Winter,0.372740014,0.045968469,0.00025704,0.12642419,25.51142372
2021,Winter,0.216186374,0.042411692,0.000102493,0.126002042,27.35715452
2021,Winter,0.313051815,0.045580718,0.000248526,0.126455777,24.26384642
2021,Winter,0.246826621,0.045551318,0.000184364,0.126588114,24.52703396
2021,Winter,0.290324281,0.045826337,0.000236258,0.126392129,29.29517186
2021,Winter,0.155874601,0.044071729,0.000136851,0.126370352,26.4308711
2021,Winter,0.291828761,0.045777304,0.000237926,0.126380798,28.16380724
2021,Winter,0.224943682,0.043402675,0.00010805,0.125961905,25.80879146
2021,Winter,0.226107375,0.045099416,0.000183814,0.126795335,26.72823884
2021,Winter,0.2405553,0.044966548,0.000188172,0.126675807,24.78680348
2021,Winter,0.246826621,0.045551318,0.000184364,0.126588114,27.43576898
2021,Winter,0.15632313,0.044491456,0.000132896,0.126430214,27.42551492
2021,Winter,0.30632505,0.045463375,0.000227295,0.126437867,24.36980504
2021,Winter,0.172064175,0.043324408,0.000101146,0.126129499,28.67992826
2021,Winter,0.316087716,0.045846556,0.00024286,0.126387185,25.34735876
2021,Winter,0.292460307,0.045513586,0.000233803,0.126433143,29.41480256
2021,Winter,0.387221345,0.046278966,0.000291951,0.126450391,23.50504598
2021,Winter,0.373525109,0.045622207,0.000277026,0.126374938,26.1916097
2021,Winter,0.140816693,0.043351288,0.000118114,0.126326943,29.18921324
2021,Winter,0.237352259,0.044495852,0.000164551,0.126271762,25.46698946
2021,Winter,0.379794686,0.044863339,0.000247261,0.126595524,25.09100726
2021,Winter,0.237643476,0.043387968,0.000138703,0.126184486,26.46846932
2021,Winter,0.170730167,0.044197306,0.000159052,0.126759913,28.44408488
2021,Winter,0.261159723,0.044542419,0.000181098,0.126721088,26.70089468
2021,Winter,0.317194418,0.04559967,0.00024683,0.12641161,23.77848758
2021,Winter,0.219994264,0.045139874,0.000181445,0.126738717,25.60371026
2021,Winter,0.180053983,0.044381413,0.000157451,0.126467957,25.14569558
2021,Winter,0.260000298,0.044917785,0.00021583,0.126258633,26.47188734
2021,Winter,0.195429769,0.043870854,0.000132297,0.126194385,24.1066175
2021,Winter,0.162691926,0.042885664,0.000101603,0.126150463,24.98163062
2021,Winter,0.319126631,0.045505606,0.000218134,0.126383337,24.0553472
2021,Winter,0.190727935,0.044949215,0.00016791,0.126704238,28.65600212
2021,Winter,0.294912914,0.045269473,0.000217376,0.126358357,27.5929979
2021,Winter,0.377629275,0.046022286,0.000321426,0.126459954,24.9782126
2021,Winter,0.183670579,0.043041388,0.000118476,0.126179766,29.2336475
2021,Winter,0.208708197,0.043205796,0.000104134,0.126095821,26.47188734
2021,Winter,0.233245706,0.043107555,0.000115026,0.126068596,29.55152336
2021,Winter,0.152840431,0.043978384,0.000128424,0.126333372,30.173603
2021,Winter,0.229176503,0.04513477,0.000179245,0.126618656,24.17155988
2021,Winter,0.387221345,0.046278966,0.000291951,0.126450391,25.19012984
2021,Winter,0.272146714,0.044823693,0.00020017,0.126241279,22.71548336
2021,Winter,0.3885079,0.045365495,0.000264223,0.126557562,26.0377988
2021,Winter,0.189994455,0.043265936,0.000103491,0.126098727,26.99142638
2021,Winter,0.327322152,0.046166703,0.000330563,0.126399747,25.56953006
2021,Winter,0.151746391,0.043970972,0.000132775,0.126390202,26.85470558
2021,Winter,0.251838323,0.044789324,0.000182434,0.126538758,26.9435741
2021,Winter,0.309354952,0.045712474,0.000242731,0.126376428,24.05192918
2021,Winter,0.246136061,0.045156831,0.00018741,0.126700371,29.79420278
2021,Winter,0.143313804,0.043720267,0.00012326,0.126308624,28.43724884
2021,Winter,0.264010939,0.045280197,0.000198601,0.126609943,27.61692404
2021,Winter,0.297689016,0.045664862,0.000243077,0.126433728,26.61544418
2021,Winter,0.183029116,0.042944789,0.000101197,0.126063827,27.68528444
2021,Winter,0.184228682,0.044033814,0.00015729,0.126873804,27.92454584
2021,Winter,0.356801797,0.045467,0.000238159,0.12652769,26.19844574
2021,Winter,0.229176503,0.04513477,0.000179245,0.126618656,27.68870246
2021,Winter,0.396417466,0.045786909,0.000283109,0.126659714,25.74384908
2021,Winter,0.19946012,0.044713074,0.000161624,0.126501931,29.45923682
2021,Winter,0.226253118,0.045161676,0.00017299,0.12661161,26.6701325
2021,Winter,0.209474156,0.044328865,0.00017061,0.126582721,28.34154428
2021,Winter,0.164499659,0.044401402,0.000143655,0.126385467,23.41275944
2021,Winter,0.19183177,0.045141696,0.000171272,0.126694994,23.67252896
2021,Winter,0.269381406,0.045266532,0.00019014,0.12670275,26.08565108
2021,Winter,0.261064768,0.044674901,0.000203628,0.126236443,26.4992315
2021,Winter,0.228011804,0.044791063,0.000178857,0.12658187,27.80833316
2021,Winter,0.179372118,0.044687911,0.000166823,0.12679789,25.12176944
2021,Winter,0.234743079,0.044968514,0.000185818,0.126631319,26.65987844
2021,Winter,0.229290586,0.045127674,0.000183512,0.126697545,25.39179302
2021,Winter,0.237643476,0.043387968,0.000138703,0.126184486,28.0544306
2021,Winter,0.137686064,0.043591715,0.000113915,0.126199187,30.0710624
2021,Winter,0.144854095,0.043739444,0.000125932,0.126325982,26.78634518
2021,Winter,0.223851152,0.042473885,0.000104032,0.126070829,25.13544152
2021,Winter,0.26518917,0.045152655,0.000199792,0.12630661,24.25017434
2021,Winter,0.297022867,0.045848511,0.000243779,0.126354275,23.01968714
2021,Winter,0.203709532,0.043180655,0.000115029,0.126146959,29.11059878
2021,Winter,0.320415203,0.045494472,0.00024411,0.126425016,25.81904552
2021,Winter,0.304025281,0.0456833,0.000240552,0.126464115,25.10809736
2021,Winter,0.253254711,0.04518283,0.000191824,0.126679584,27.27854006
2021,Winter,0.196430735,0.043264734,0.000104089,0.12612367,26.9948444
2021,Winter,0.22501544,0.042683108,0.000105609,0.126110255,28.62865796
2021,Winter,0.270957909,0.04493626,0.000195391,0.126293375,28.43383082
2021,Winter,0.191743383,0.043274541,0.000118691,0.12616838,26.05830692
2021,Winter,0.232473061,0.045304607,0.000192224,0.126761368,25.2687443
2021,Winter,0.231550364,0.044083053,0.000152073,0.126291448,26.83077944
2021,Winter,0.321211811,0.045921172,0.000290384,0.126451431,24.92010626
2021,Winter,0.182031753,0.044118106,0.000155687,0.126479647,24.47918168
2021,Winter,0.191834442,0.043131142,0.000103004,0.126086205,25.05682706
2021,Winter,0.28395848,0.045151924,0.000206893,0.126483943,24.95086844
2021,Winter,0.18075664,0.044729123,0.000174329,0.126760584,24.87909002
2021,Winter,0.143758094,0.043386512,0.000119727,0.126286363,28.45433894
2021,Winter,0.326651662,0.045855083,0.000279153,0.126410313,23.43326756
2021,Winter,0.289680175,0.045720101,0.00022306,0.126476625,24.74578724
2021,Winter,0.319243055,0.04547196,0.000248042,0.126439396,25.23798212
2021,Winter,0.246200696,0.045396,0.000192056,0.126723818,24.9440324
2024,Summer,0.354200806,0.043068551,0.000138983,0.134072285,43.0424483
2024,Summer,0.336236264,0.04354114,0.000141791,0.133987624,40.54045766
2024,Summer,0.460327957,0.043896225,0.000165065,0.134240595,45.9819455
2024,Summer,0.24074684,0.04346403,0.000169331,0.134120751,42.36226232
2024,Summer,0.270646676,0.044068993,0.00017244,0.134141472,41.18988146
2024,Summer,0.329984777,0.04253491,0.000112038,0.133831204,47.90116373
2024,Summer,0.439239141,0.043956821,0.000162066,0.134189664,46.05372392
2024,Summer,0.348834006,0.042977393,0.00012474,0.133946678,41.06512373
2024,Summer,0.343407543,0.043613703,0.000151993,0.134269672,44.15672282
2024,Summer,0.332294703,0.04398105,0.000152461,0.134180756,40.78313708
2024,Summer,0.393261946,0.042448647,0.000112465,0.133930674,49.36236728
2024,Summer,0.290924676,0.043528107,0.000163157,0.134225086,40.87542362
2024,Summer,0.344397034,0.043680219,0.000160552,0.134302031,41.70600248
2024,Summer,0.332288763,0.043419585,0.00011712,0.133808911,46.02808877
2024,Summer,0.324903492,0.043462072,0.000151353,0.13412917,42.00337022
2024,Summer,0.347806754,0.041747611,0.000135411,0.134146221,40.58830994
2024,Summer,0.325429126,0.044017869,0.000147437,0.134176631,37.58728838
2024,Summer,0.352267073,0.043676206,0.000153624,0.134170724,40.0687709
2024,Summer,0.271104423,0.044589608,0.000178987,0.134135055,41.453069
2024,Summer,0.348958755,0.04246366,0.000118268,0.133832299,51.04745114
2024,Summer,0.257259445,0.043583731,0.000155143,0.134132972,39.90470594
2024,Summer,0.38787959,0.044028494,0.000162026,0.134109132,45.19238288
2024,Summer,0.368105662,0.042925988,0.000146765,0.134180334,41.62397
2024,Summer,0.239379663,0.043559597,0.000189102,0.134239479,41.7436007
2024,Summer,0.353746325,0.042365836,0.000116533,0.13382277,48.56938664
2024,Summer,0.337805008,0.042889666,0.000118875,0.133901614,49.03423736
2024,Summer,0.321426642,0.042463268,0.000112439,0.133962359,48.16776929
2024,Summer,0.462431585,0.043477639,0.000164607,0.134269433,45.2470712
2024,Summer,0.382428601,0.042657431,0.0001136,0.13385542,50.58089141
2024,Summer,0.363393446,0.042832142,0.000136818,0.134116454,38.6844728
2024,Summer,0.35267995,0.042348774,0.000111723,0.133570675,46.4433782
2024,Summer,0.301279517,0.04158399,0.000110505,0.133780003,50.9038943
2024,Summer,0.33895325,0.040881322,0.000112356,0.133748379,48.65483714
2024,Summer,0.347823391,0.041565542,0.000110566,0.133819412,38.32387169
2024,Summer,0.32953922,0.043347222,0.000121585,0.133849105,47.90629076
2024,Summer,0.342320329,0.041651165,0.000112211,0.133851568,45.91187609
2024,Summer,0.291352988,0.043199851,0.000122549,0.133973057,44.56688522
2024,Summer,0.256011332,0.043719591,0.000117307,0.133895118,50.17072901
2024,Summer,0.317271901,0.04357547,0.000150154,0.134141405,41.24456978
2024,Summer,0.330708733,0.043600332,0.000135468,0.133949369,38.33241674
2024,Summer,0.358391496,0.042573876,0.000117349,0.133905686,47.29446518
2024,Summer,0.269384835,0.043239073,0.000124654,0.133995398,47.68753748
2024,Summer,0.364599691,0.043607745,0.000142163,0.13404464,41.1967175
2024,Summer,0.362316635,0.042545248,0.00014256,0.134162387,40.47209726
2024,Summer,0.3569462,0.044043205,0.000154894,0.134173281,43.51071704
2024,Summer,0.408893929,0.042167868,0.000113415,0.13376938,44.90356019
2024,Summer,0.333409385,0.042538158,0.000111868,0.133860779,47.35769855
2024,Summer,0.350542647,0.043486338,0.000118598,0.13384563,45.3496118
2024,Summer,0.395723302,0.04408247,0.000164084,0.134093294,42.80660492
2024,Summer,0.260669337,0.041835145,0.00010867,0.133698219,49.3828754
2024,Summer,0.336375662,0.04193918,0.000114629,0.133767278,50.02717217
2024,Summer,0.44903305,0.043798221,0.000162315,0.134184251,45.66748766
2024,Summer,0.327507082,0.043960793,0.000147901,0.134286531,39.43301918
2024,Summer,0.325814007,0.043865006,0.000135953,0.134016086,42.73140848
2024,Summer,0.32172776,0.0435988,0.000148527,0.134126369,40.48576934
2024,Summer,0.308322351,0.043147576,0.000130478,0.133966047,39.24502808
2024,Summer,0.295384941,0.04309074,0.000154319,0.134052777,38.98184054
2024,Summer,0.396529868,0.04248514,0.000114726,0.133764679,46.18019066
2024,Summer,0.220338607,0.043305664,0.000124231,0.133962545,44.8539989
2024,Summer,0.3368708,0.043564995,0.000158045,0.134214032,41.9486819
2024,Summer,0.317449239,0.043918692,0.000152422,0.134162831,41.08050482
2024,Summer,0.322893066,0.041280482,0.000109309,0.133796458,45.52905785
2024,Summer,0.320885581,0.043390122,0.000148713,0.134156959,39.08438114
2024,Summer,0.316611653,0.043811507,0.000159975,0.134238502,41.48041316
2024,Summer,0.264451752,0.044091515,0.000178241,0.134203279,40.2396719
2024,Summer,0.383096005,0.04356627,0.000155482,0.134197005,41.41547078
2024,Summer,0.306972743,0.043245718,0.000120683,0.133853235,48.57280466
2024,Summer,0.310313639,0.043194469,0.000112699,0.133726456,50.19807317
2024,Summer,0.314231982,0.042941336,0.000120521,0.133850263,44.70360602
2024,Summer,0.349427634,0.043058855,0.000117107,0.133842659,48.14555216
2024,Summer,0.332195124,0.042044413,0.000111574,0.133579554,46.37843582
2024,Summer,0.325371477,0.043290095,0.00011849,0.133904797,45.383792
2024,Summer,0.355846296,0.04226929,0.000116951,0.133791636,45.62476241
2024,Summer,0.413301027,0.04206923,0.000112714,0.133697245,47.87040155
2024,Summer,0.328778662,0.043544441,0.000149927,0.134127374,40.50285944
2024,Summer,0.313072771,0.043659248,0.000150606,0.134153026,41.04632462
2024,Summer,0.387392483,0.043960034,0.000160846,0.134246148,41.8632314
2024,Summer,0.430401758,0.043672612,0.000161524,0.134117813,42.11616488
2024,Summer,0.335900308,0.043554143,0.000119747,0.133831599,48.72832457
2024,Summer,0.300082414,0.043400539,0.000158858,0.134211031,42.28364786
2024,Summer,0.31225468,0.042538179,0.000112148,0.133694327,47.5371446
2024,Summer,0.316905172,0.043645218,0.000153684,0.134199891,41.14886522
2024,Summer,0.29862133,0.042935007,0.000123599,0.1339827,48.0840278
2024,Summer,0.359715264,0.042042996,0.000109923,0.133690199,46.94582714
2024,Summer,0.332192946,0.042556672,0.000120488,0.13381886,47.02956863
2024,Summer,0.291352988,0.043199851,0.000122549,0.133973057,51.40292522
2024,Summer,0.328591324,0.042652411,0.000111969,0.133869836,48.75908675
2024,Summer,0.346588317,0.042736956,0.000134309,0.134082693,37.68299294
2024,Summer,0.216640343,0.043297537,0.000124766,0.133984937,43.71579824
2024,Summer,0.348653317,0.04385608,0.000153316,0.134210921,39.87736178
2024,Summer,0.271561097,0.043202289,0.000165396,0.134181989,41.75043674
2024,Summer,0.282989509,0.04354525,0.000174704,0.134200186,43.46286476
2024,Summer,0.324443762,0.043267834,0.000124519,0.133946728,47.1782525
2024,Summer,0.272841179,0.043171504,0.000129434,0.133961077,43.23727544
2024,Summer,0.28920777,0.043056435,0.000124951,0.133907459,46.14259244
2024,Summer,0.321345286,0.043865238,0.000158209,0.134190276,38.38368704
2024,Summer,0.369440403,0.043577776,0.000153447,0.134195862,39.4193471
2024,Summer,0.312948415,0.043087273,0.000125182,0.133950031,41.50775732
2024,Summer,0.31261838,0.04311436,0.000123609,0.133929988,46.07423204
2024,Summer,0.323634332,0.043880273,0.00014759,0.134147728,41.3163482
2024,Summer,0.328012729,0.042376115,0.000111996,0.133656246,46.00245362
2024,Summer,0.310465696,0.043703996,0.000151143,0.134144116,43.56882338
2024,Summer,0.303666605,0.042928587,0.00012691,0.133897624,41.453069
2024,Summer,0.379034337,0.042981636,0.000152302,0.134188068,45.96827342
2024,Summer,0.325140159,0.043890758,0.000154108,0.134189048,38.42128526
2024,Summer,0.256699296,0.041945717,0.00010935,0.133665069,45.0932603
2024,Summer,0.383527337,0.042736382,0.000116314,0.133863733,49.46661689
2024,Summer,0.386885931,0.04411447,0.000159212,0.134120409,42.18110726
2024,Summer,0.328312386,0.041522088,0.000111792,0.133802305,42.75020759
2024,Summer,0.371069128,0.043025471,0.000152987,0.134167729,37.97694266
2024,Summer,0.338115334,0.043623528,0.000143199,0.133976953,42.85103918
2024,Summer,0.368568052,0.043119425,0.000150232,0.134214419,46.2041168
2024,Summer,0.333550143,0.043099807,0.000121518,0.133874635,48.7505417
2024,Summer,0.375009703,0.04311521,0.000150259,0.134222241,44.00632994
2024,Summer,0.383406043,0.04205129,0.00011106,0.133777538,45.00951881
2024,Summer,0.287114489,0.043408066,0.000170544,0.134189242,41.5726997
2024,Summer,0.313825209,0.043793813,0.000150018,0.134199917,39.87052574
2024,Summer,0.338115334,0.043623528,0.000143199,0.133976953,40.09611506
2024,Summer,0.225534653,0.043248485,0.000121034,0.13392366,46.53908276
2024,Summer,0.329774795,0.043523429,0.000148067,0.13413249,40.16789348
2024,Summer,0.278658123,0.042022609,0.000110879,0.133768868,46.30836641
2024,Summer,0.332625499,0.04379902,0.000151831,0.134153942,41.5043393
2024,Summer,0.340240986,0.043010049,0.000149578,0.134272114,39.744059
2024,Summer,0.42919684,0.043610736,0.000163083,0.134170234,41.0770868
2024,Summer,0.415132585,0.043513385,0.00016006,0.134141646,41.75043674
2024,Summer,0.313528856,0.043204458,0.000113682,0.133747769,49.26666272
2024,Summer,0.313189845,0.0427761,0.000129253,0.134000592,44.50877888
2024,Summer,0.406354189,0.043216813,0.000161285,0.134344005,46.26222314
2024,Summer,0.334829233,0.042525766,0.000121026,0.133860249,50.54158418
2024,Summer,0.211482116,0.043814791,0.000178641,0.134210788,39.25528214
2024,Summer,0.326571296,0.043028961,0.000155129,0.134359621,39.23477402
2024,Summer,0.32395673,0.043714969,0.000152581,0.134179279,39.22451996
2024,Summer,0.278220823,0.044360485,0.00017516,0.134178068,41.78803496
2024,Summer,0.284628597,0.043473096,0.00012929,0.134026048,44.40623828
2024,Summer,0.36232358,0.042504419,0.00014218,0.134152905,42.51949124
2024,Summer,0.323188064,0.04313696,0.000120203,0.133792512,45.15478466
2024,Summer,0.328012729,0.042376115,0.000111996,0.133656246,45.49316864
2024,Summer,0.357299942,0.043249687,0.000141647,0.134123164,41.34369236
2024,Summer,0.241624343,0.043457368,0.000175868,0.134062442,43.03561226
2024,Summer,0.364087577,0.04304341,0.000141395,0.134052386,39.40909304
2024,Summer,0.426170924,0.043639183,0.000164343,0.134173202,42.05805854
2024,Summer,0.333937343,0.042746622,0.000116674,0.133768459,48.08231879
2024,Summer,0.345832737,0.041838071,0.000110241,0.133757936,47.77811501
2024,Summer,0.394765587,0.04208221,0.000113492,0.133749695,47.54227163
2024,Summer,0.339185243,0.042995916,0.000118806,0.133832506,43.78928567
2024,Summer,0.324903492,0.043462072,0.000151353,0.13412917,42.50240114
2024,Summer,0.42919684,0.043610736,0.000163083,0.134170234,43.65427388
2024,Summer,0.347806754,0.041747611,0.000135411,0.134146221,38.9920946
2024,Summer,0.439239141,0.043956821,0.000162066,0.134189664,47.14749032
2024,Summer,0.350940107,0.041782363,0.000109306,0.133722743,48.53178842
2024,Summer,0.363258039,0.043976312,0.000162893,0.134141575,44.05760024
2024,Summer,0.327698868,0.043207138,0.000120543,0.133866145,47.04836774
2024,Summer,0.342683556,0.043308591,0.0001355,0.133985742,42.4613849
2024,Summer,0.337346573,0.043656694,0.000151509,0.134152617,45.23681714
2024,Summer,0.292921596,0.044062678,0.00016483,0.134188152,40.58489192
2024,Summer,0.347332164,0.043511802,0.000118897,0.13386747,50.3570111
2024,Summer,0.332292146,0.043755748,0.000158876,0.134257798,38.78359538
2024,Summer,0.313415991,0.043966112,0.000153441,0.134200016,39.33047858
2024,Summer,0.292770543,0.041833495,0.000109728,0.133774678,46.31862047
2024,Summer,0.293386139,0.04342529,0.00015842,0.134185138,44.29344362
2024,Summer,0.372319116,0.043638744,0.000162935,0.134342273,47.66702936
2024,Summer,0.324903492,0.043462072,0.000151353,0.13412917,40.2738521
2024,Summer,0.445792482,0.04357222,0.000161846,0.134221432,46.06397798
2024,Summer,0.291969534,0.043797345,0.00013231,0.134035878,46.5971891
2024,Summer,0.312037183,0.043567247,0.00015082,0.134112827,40.28068814
2024,Summer,0.291141167,0.043253138,0.000133532,0.133949376,44.95995752
2024,Summer,0.306803874,0.042812258,0.000123024,0.133957927,47.32180934
2024,Summer,0.251990162,0.043224965,0.000175446,0.134054506,41.76410882
2024,Summer,0.304935987,0.043349249,0.000164406,0.134238456,41.9145017
2024,Summer,0.35157869,0.042374823,0.000138888,0.134194203,40.93694798
2024,Summer,0.299665502,0.043248379,0.000155608,0.134124946,40.26359804
2024,Summer,0.232287598,0.043689445,0.000184239,0.134194726,42.22895954
2024,Summer,0.31301631,0.043560527,0.000152206,0.13419631,39.18692174
2024,Summer,0.282485049,0.043968622,0.000166898,0.134191216,40.75579292
2024,Summer,0.334829233,0.042525766,0.000121026,0.133860249,49.42389164
2024,Summer,0.25368213,0.043145378,0.00011276,0.13376818,45.20605496
2024,Summer,0.341734482,0.043230929,0.000118425,0.133866353,46.58180801
2024,Summer,0.335906304,0.041534555,0.000111969,0.133807497,43.56369635
2024,Summer,0.347268585,0.042731701,0.000136997,0.134083672,42.86471126
2024,Summer,0.324878875,0.043560735,0.000150061,0.13413148,40.02091862
2024,Summer,0.41138279,0.042448366,0.000116525,0.13378175,48.91460666
2024,Summer,0.362534931,0.0431454,0.000153599,0.134215826,42.2050334
2024,Summer,0.306386178,0.043502801,0.000156423,0.134197439,39.7611491
2024,Summer,0.279920046,0.043656459,0.00017008,0.134230025,41.58637178
2024,Summer,0.350374945,0.042055047,0.000109967,0.133700546,48.26176484
2024,Summer,0.343762115,0.041405659,0.000111682,0.13382099,45.40771814
2024,Summer,0.345566325,0.04255762,0.000133855,0.134139801,45.16845674
2024,Summer,0.367589855,0.042657747,0.000117917,0.133868579,47.49954638
2024,Summer,0.262687082,0.044076532,0.00017102,0.134201736,42.25288568
2024,Summer,0.343607685,0.042427695,0.000126794,0.133928247,43.07150147
2024,Summer,0.359071587,0.043847996,0.000156055,0.134144302,42.16401716
2024,Summer,0.28920777,0.043056435,0.000124951,0.133907459,42.12983696
2024,Summer,0.352601146,0.041850257,0.000109627,0.133767509,49.05987251
2024,Summer,0.333146095,0.044013554,0.000145369,0.134201609,39.18692174
2024,Summer,0.263868625,0.043791308,0.000184058,0.134094856,44.15672282
2024,Summer,0.312709881,0.043164089,0.000113816,0.133779301,49.85456216
2024,Summer,0.377389049,0.043613248,0.000156874,0.134174389,43.85251904
2024,Summer,0.316232978,0.043851179,0.000151765,0.134133366,41.42572484
2024,Summer,0.323001826,0.043500791,0.000156835,0.13418887,41.77094486
2024,Summer,0.299183962,0.043558849,0.000159129,0.134229241,41.83588724
2024,Winter,0.196031,0.046481133,0.000187777,0.123790159,25.9685839
2024,Winter,0.181907048,0.046696883,0.000187246,0.123869566,27.27084952
2024,Winter,0.283688563,0.047088699,0.000229197,0.124027122,28.36888844
2024,Winter,0.090106638,0.045893414,0.000206265,0.12399663,25.71650492
2024,Winter,0.138692887,0.046138726,0.000198661,0.124065271,27.40329779
2024,Winter,0.051534721,0.044923749,0.00011563,0.123585884,23.96340246
2024,Winter,0.304976474,0.046558629,0.000206073,0.124109747,28.2415672
2024,Winter,0.121881937,0.045407858,0.000156439,0.123732514,23.72243205
2024,Winter,0.201357538,0.046765787,0.000214638,0.124010056,27.02475208
2024,Winter,0.221211913,0.046885627,0.000218939,0.123891447,27.18625352
2024,Winter,0.076386547,0.044653677,0.000118244,0.12360272,25.29711387
2024,Winter,0.175940917,0.046394277,0.000189072,0.123996271,27.62290558
2024,Winter,0.255227544,0.046302818,0.000200249,0.124061299,27.60410647
2024,Winter,0.059638758,0.045312824,0.000127517,0.123583501,23.39601114
2024,Winter,0.145226029,0.046706365,0.00018817,0.12402262,25.87458835
2024,Winter,0.167056008,0.046506347,0.000186951,0.123850003,29.45752781
2024,Winter,0.207015978,0.046390313,0.000197171,0.123789196,28.11510046
2024,Winter,0.203564311,0.047217901,0.000225548,0.123954909,26.55306532
2024,Winter,0.115795577,0.046193036,0.000205445,0.124010119,26.65475141
2024,Winter,0.085011972,0.045195952,0.000130247,0.123613548,25.05477625
2024,Winter,0.113264625,0.04636326,0.000197328,0.123968592,27.04867822
2024,Winter,0.235816067,0.047479437,0.00023476,0.124066303,26.90426687
2024,Winter,0.183990455,0.046847308,0.000209166,0.123878022,29.65150045
2024,Winter,0.083314659,0.045432859,0.00021537,0.12390676,25.76179369
2024,Winter,0.089833792,0.044964448,0.000125406,0.123675321,24.71741767
2024,Winter,0.087627407,0.044943396,0.000131651,0.123617905,24.92010626
2024,Winter,0.046517683,0.044921337,0.000116205,0.1236002,24.75399049
2024,Winter,0.305044949,0.046998326,0.000220867,0.123974864,27.15890936
2024,Winter,0.042439097,0.045202829,0.000119016,0.123667857,25.46630586
2024,Winter,0.201463077,0.046350506,0.000186532,0.123766111,23.4742838
2024,Winter,0.046457755,0.044356813,0.000108869,0.123529516,24.63196717
2024,Winter,0.074037865,0.044185552,0.000109319,0.123392938,25.02333046
2024,Winter,0.085080319,0.043908488,0.000110205,0.123499576,24.70272019
2024,Winter,0.071457401,0.043768373,0.000107051,0.123559667,24.38928775
2024,Winter,0.114471555,0.045520868,0.000145049,0.123703301,25.58183493
2024,Winter,0.083910617,0.044238829,0.000113624,0.123503935,22.59516906
2024,Winter,0.086068679,0.045289977,0.000147577,0.123848089,26.84274251
2024,Winter,0.073524156,0.045468688,0.000130232,0.123710341,26.02959555
2024,Winter,0.216899446,0.046607724,0.00020328,0.123862727,27.34946398
2024,Winter,0.164458061,0.046817954,0.000181657,0.123836734,25.51313273
2024,Winter,0.091965253,0.044774975,0.000124643,0.123612158,24.94813402
2024,Winter,0.089614197,0.04583072,0.000152081,0.123867623,27.7972246
2024,Winter,0.208905091,0.046509288,0.000195622,0.123822543,26.28133273
2024,Winter,0.177668564,0.046635104,0.00020096,0.123805546,26.96664574
2024,Winter,0.226084957,0.046659947,0.000221074,0.123846027,28.04503105
2024,Winter,0.120878308,0.044667981,0.000117794,0.123540787,27.95975145
2024,Winter,0.057390753,0.044770107,0.00011861,0.123677277,25.77666207
2024,Winter,0.062954637,0.045176055,0.000126668,0.123661779,25.19730768
2024,Winter,0.241965952,0.04746936,0.000235179,0.124033892,26.16084752
2024,Winter,0.051514206,0.044394383,0.000112542,0.123431823,24.02971205
2024,Winter,0.075430957,0.044294504,0.000119354,0.123645921,23.82873247
2024,Winter,0.304656843,0.046727516,0.000213034,0.123995006,28.08690179
2024,Winter,0.180249095,0.046255028,0.000191371,0.12388104,26.6521879
2024,Winter,0.156413353,0.046266408,0.000176999,0.123864326,28.16466175
2024,Winter,0.214965888,0.046582781,0.000202912,0.123813381,27.06747733
2024,Winter,0.124979616,0.046103128,0.000169191,0.123791684,26.31209491
2024,Winter,0.136057322,0.046047763,0.000196334,0.123995549,27.18881704
2024,Winter,0.111673564,0.044473966,0.000120828,0.123614134,24.42756958
2024,Winter,0.097989453,0.046082523,0.000147722,0.123929494,26.33687555
2024,Winter,0.231812408,0.046964209,0.000207644,0.123970209,28.84912025
2024,Winter,0.213043845,0.04627869,0.000200501,0.123827746,28.8739009
2024,Winter,0.087626128,0.043939564,0.000111888,0.123437652,25.21303057
2024,Winter,0.167196793,0.046499068,0.000189425,0.123910143,25.46528045
2024,Winter,0.194025547,0.046573056,0.000194152,0.123915592,26.46248779
2024,Winter,0.125085635,0.045910549,0.000196019,0.124041432,26.6009176
2024,Winter,0.239261803,0.047060867,0.000221424,0.123943108,28.81921258
2024,Winter,0.089672293,0.045487829,0.000140518,0.123627632,25.53671707
2024,Winter,0.058671712,0.045146706,0.00012312,0.12363369,24.88934408
2024,Winter,0.080926423,0.045625775,0.00014035,0.123649033,24.06081603
2024,Winter,0.088851628,0.044801947,0.000123038,0.123626287,25.5756825
2024,Winter,0.046937044,0.044773015,0.00011159,0.123506187,26.19639493
2024,Winter,0.078129493,0.044752678,0.000130429,0.123701786,25.53124824
2024,Winter,0.087826813,0.044664045,0.000125348,0.123679223,23.88649701
2024,Winter,0.117928299,0.044837813,0.000117902,0.123530026,27.57146437
2024,Winter,0.213635274,0.046372958,0.000207521,0.123872644,25.73957656
2024,Winter,0.219097618,0.04670768,0.000206793,0.123892219,26.20528178
2024,Winter,0.276966297,0.046513559,0.000203874,0.124029595,25.72846799
2024,Winter,0.282725988,0.047017631,0.000221114,0.12400429,29.60193916
2024,Winter,0.080779292,0.045326814,0.000130698,0.123709768,25.22020842
2024,Winter,0.205226559,0.046685557,0.000196858,0.124037078,25.98225598
2024,Winter,0.054610559,0.045042248,0.000120276,0.123656354,24.09397083
2024,Winter,0.180331829,0.046121796,0.000189093,0.123820742,26.05830692
2024,Winter,0.08292662,0.045167646,0.000147191,0.123840835,24.99957523
2024,Winter,0.087965257,0.044694431,0.000114701,0.123492034,24.79398132
2024,Winter,0.083622328,0.045292679,0.000135896,0.123656571,24.90780139
2024,Winter,0.086068679,0.045289977,0.000147577,0.123848089,28.60302281
2024,Winter,0.044784285,0.044811151,0.0001176,0.123672684,24.79295592
2024,Winter,0.181502609,0.04626116,0.000181375,0.123704245,23.33158147
2024,Winter,0.09901494,0.046022781,0.000151263,0.123904024,25.65498056
2024,Winter,0.220298927,0.046813256,0.000221509,0.123859674,29.98133938
2024,Winter,0.087350215,0.045202592,0.000189593,0.12402455,25.92927667
2024,Winter,0.114184629,0.045526196,0.000178855,0.124153771,26.52743017
2024,Winter,0.138401184,0.045313662,0.00015531,0.123696557,26.65509321
2024,Winter,0.120104509,0.045787669,0.0001608,0.123748674,27.85105841
2024,Winter,0.113275765,0.045829314,0.000158993,0.123683122,25.42768223
2024,Winter,0.213526539,0.046641467,0.000203245,0.123948116,24.85943641
2024,Winter,0.224780982,0.046858894,0.000219997,0.123908275,25.92329513
2024,Winter,0.130358325,0.045522191,0.000159646,0.123656265,25.49262461
2024,Winter,0.119344707,0.045213796,0.000152948,0.123666653,25.632031
2024,Winter,0.207711095,0.046211152,0.000199558,0.123849357,26.23433495
2024,Winter,0.045728892,0.044786897,0.000115261,0.123580892,24.21257612
2024,Winter,0.219612527,0.046812267,0.00020543,0.123901834,28.21080502
2024,Winter,0.12719341,0.045591299,0.000165575,0.123732631,28.27489289
2024,Winter,0.2135495,0.047047697,0.000221138,0.123920899,26.755583
2024,Winter,0.217736761,0.046970079,0.0002132,0.123898079,26.64278834
2024,Winter,0.046287232,0.044507431,0.000112645,0.123480971,24.74681265
2024,Winter,0.106993706,0.044748258,0.000121272,0.123527216,25.66967805
2024,Winter,0.26932951,0.046504304,0.000207461,0.124056688,27.77842549
2024,Winter,0.078864568,0.043770471,0.000109299,0.123612774,23.52350329
2024,Winter,0.221543054,0.046963007,0.000221744,0.123917054,24.99188468
2024,Winter,0.164175888,0.046909975,0.000189346,0.123941947,26.43599813
2024,Winter,0.205003615,0.046958805,0.000218447,0.123935962,26.62911626
2024,Winter,0.074637731,0.04557739,0.000142632,0.123659897,24.670249
2024,Winter,0.208792038,0.046762104,0.000218756,0.123889346,25.31574208
2024,Winter,0.106434324,0.044616381,0.000116339,0.123493298,24.66341296
2024,Winter,0.13747679,0.045993965,0.000186069,0.123981802,26.33602105
2024,Winter,0.158412163,0.046331029,0.000189139,0.123876062,26.53682972
2024,Winter,0.164175888,0.046909975,0.000189346,0.123941947,27.097385
2024,Winter,0.084724311,0.045412698,0.000138324,0.123803538,25.61567333
2024,Winter,0.217783891,0.046538563,0.000203755,0.123872337,26.28133273
2024,Winter,0.05574493,0.044654276,0.000113891,0.123552824,24.45183752
2024,Winter,0.212049328,0.046948112,0.000214418,0.123918152,28.03990402
2024,Winter,0.192879369,0.047154374,0.000210592,0.124056236,26.10957722
2024,Winter,0.285297402,0.046736585,0.000226383,0.123980597,26.28389624
2024,Winter,0.273005145,0.047358069,0.000219131,0.124028432,29.16955963
2024,Winter,0.066726345,0.045036245,0.000123751,0.123594729,24.704771
2024,Winter,0.14191434,0.045967948,0.000170678,0.12364095,27.7630444
2024,Winter,0.287175938,0.046935165,0.000197379,0.124102611,27.29306665
2024,Winter,0.079761415,0.045341386,0.000137068,0.123660509,25.71411231
2024,Winter,0.069659191,0.04447891,0.000212274,0.123962701,26.7547285
2024,Winter,0.166735399,0.045971701,0.000175578,0.123980866,25.84553518
2024,Winter,0.216930971,0.046948537,0.000214305,0.123882239,26.00447311
2024,Winter,0.126017548,0.046063933,0.000198794,0.124057449,25.96089335
2024,Winter,0.123623084,0.046053928,0.000164145,0.123825651,26.36678323
2024,Winter,0.170073737,0.046639996,0.000201192,0.123783954,27.43320547
2024,Winter,0.094345418,0.045504367,0.000133761,0.123622519,24.91224481
2024,Winter,0.045728892,0.044786897,0.000115261,0.123580892,24.57386083
2024,Winter,0.21156275,0.04661081,0.000198263,0.123883305,25.53534986
2024,Winter,0.083128617,0.045902792,0.000210696,0.123949479,26.63424329
2024,Winter,0.184728496,0.047045707,0.000201007,0.123869537,24.04509314
2024,Winter,0.262986053,0.04704361,0.000233203,0.124000216,26.42659858
2024,Winter,0.09025602,0.044685171,0.00012373,0.123614586,26.91691354
2024,Winter,0.085512248,0.044370462,0.000114255,0.123471817,26.2941503
2024,Winter,0.11649857,0.044630232,0.000119602,0.123609982,24.52019792
2024,Winter,0.071704546,0.045410723,0.000132668,0.123687058,25.40273068
2024,Winter,0.145226029,0.046706365,0.00018817,0.12402262,25.74555809
2024,Winter,0.285297402,0.046736585,0.000226383,0.123980597,28.08006575
2024,Winter,0.167056008,0.046506347,0.000186951,0.123850003,24.81927467
2024,Winter,0.304976474,0.046558629,0.000206073,0.124109747,28.53551692
2024,Winter,0.078419522,0.044582318,0.000114703,0.123462454,25.21132156
2024,Winter,0.209892221,0.047486676,0.000234066,0.124071526,27.03842416
2024,Winter,0.067288771,0.045378504,0.000138723,0.123670859,25.22943707
2024,Winter,0.185031777,0.046368151,0.000176457,0.123830895,25.05768157
2024,Winter,0.20437618,0.046933164,0.000212573,0.123973415,26.62142572
2024,Winter,0.156270619,0.046219509,0.000194726,0.123990853,28.47911959
2024,Winter,0.060136989,0.044991853,0.000127702,0.123674053,25.41230114
2024,Winter,0.187967182,0.046384387,0.000193045,0.123890587,27.69981103
2024,Winter,0.222452941,0.046709325,0.000211822,0.123932179,27.44773205
2024,Winter,0.063853234,0.044502795,0.000113362,0.123474872,24.53147739
2024,Winter,0.118482891,0.045489238,0.000164282,0.124129162,25.96003885
2024,Winter,0.273529207,0.046509751,0.000202034,0.124069064,29.93946863
2024,Winter,0.145226029,0.046706365,0.00018817,0.12402262,25.75752116
2024,Winter,0.282438917,0.046645926,0.000202203,0.124230038,28.36034339
2024,Winter,0.142909392,0.046507396,0.00017233,0.123794449,28.87560991
2024,Winter,0.138321613,0.046473138,0.000191411,0.124051432,27.09396698
2024,Winter,0.145092467,0.046233956,0.000166862,0.123760908,26.38900036
2024,Winter,0.099073107,0.045451789,0.000149613,0.123715731,25.73274052
2024,Winter,0.08818961,0.045892551,0.000210967,0.123965525,24.55608713
2024,Winter,0.165917598,0.046171123,0.000184831,0.124029241,26.24458901
2024,Winter,0.168247569,0.045977346,0.000191366,0.123802616,27.85447643
2024,Winter,0.126728244,0.045851353,0.000197307,0.124006853,25.72761349
2024,Winter,0.079556923,0.044938683,0.000215647,0.123907804,25.54560392
2024,Winter,0.155427161,0.046331721,0.000189676,0.123887347,27.07858589
2024,Winter,0.144759203,0.04627929,0.000195129,0.124013932,25.49262461
2024,Winter,0.079761415,0.045341386,0.000137068,0.123660509,25.78725793
2024,Winter,0.051367329,0.045136274,0.000120374,0.123764282,24.83157954
2024,Winter,0.062280599,0.044956539,0.00013132,0.123690355,25.48339596
2024,Winter,0.081298282,0.043916252,0.000110119,0.123586261,23.84787339
2024,Winter,0.187517427,0.046548837,0.000185321,0.123748498,25.96516588
2024,Winter,0.22031004,0.046565683,0.000208436,0.123895152,24.83807378
2024,Winter,0.114690543,0.044579227,0.000120724,0.123596037,25.95815893
2024,Winter,0.216440657,0.047080804,0.000221639,0.123984863,27.7972246
2024,Winter,0.223258999,0.046759704,0.00020751,0.123906221,26.56930091
2024,Winter,0.164796508,0.046401339,0.000192966,0.123989883,27.77842549
2024,Winter,0.081143582,0.044670591,0.00011475,0.123544402,26.1054756
2024,Winter,0.082844223,0.044036468,0.000111842,0.123485374,23.98937941
2024,Winter,0.163235142,0.046779796,0.000184365,0.123706686,25.36957589
2024,Winter,0.086913763,0.044707964,0.000124159,0.123652306,26.4141228
2024,Winter,0.15412679,0.046214961,0.000191523,0.123972914,26.61202616
2024,Winter,0.102057728,0.04516251,0.000155151,0.123761961,23.41070863
2024,Winter,0.217446132,0.047295393,0.000231234,0.123954882,27.1657454
2024,Winter,0.113275765,0.045829314,0.000158993,0.123683122,25.49347912
2024,Winter,0.072973159,0.04465858,0.000114166,0.123477035,25.28856882
2024,Winter,0.183605829,0.046409867,0.000194112,0.123846787,28.4133227
2024,Winter,0.099898293,0.045617249,0.000201889,0.124016133,28.15269868
2024,Winter,0.063607539,0.045088961,0.000124347,0.123520751,24.60769923
2024,Winter,0.244713785,0.047297934,0.000229439,0.123993901,25.22687356
2024,Winter,0.216808344,0.046491156,0.000202172,0.123869129,27.780989
2024,Winter,0.228976677,0.047051877,0.000209142,0.123897494,27.95701703
2024,Winter,0.169229478,0.04607454,0.000192077,0.123850415,27.80833316
